{"accuracy": [0.4833333194255829, 0.8708333373069763, 0.9437500238418579, 0.9895833134651184, 0.9708333611488342, 0.9854166507720947, 1.0, 1.0, 1.0, 1.0], "loss": [1.9673551321029663, 0.3924635946750641, 0.19344979524612427, 0.0663437694311142, 0.07375140488147736, 0.05477258935570717, 0.016686316579580307, 0.005457361228764057, 0.005634515546262264, 0.0031309525948017836], "val_accuracy": [0.8812500238418579, 0.9125000238418579, 0.96875, 0.987500011920929, 0.987500011920929, 1.0, 1.0, 1.0, 1.0, 1.0], "val_loss": [0.4118877053260803, 0.2677695155143738, 0.09616954624652863, 0.039375390857458115, 0.0337153784930706, 0.01677076146006584, 0.007766446564346552, 0.003587068524211645, 0.0032555453944951296, 0.0023446667473763227]}